case,n_cells,projected_total_hours,projected_total_hours_buffered
2re,161,555.8497333333333,694.8121666666667
3re,162,532.2714666666667,665.3393333333333
sitar,138,1216.9664277777779,1521.2080347222222
